,country,child_mort,exports,health,imports,income,inflation,life_expec,total_fer,gdpp,Continent_Name,Continent_Code,Two_Letter_Country_Code,Country_Number,cleaned_country,Country,credit rating
0,Afghanistan,90.2,10.0,7.58,44.9,1610.0,9.44,56.2,5.82,553.0,Asia,AS,AF,4.0,Afghanistan,,
1,Albania,16.6,28.0,6.55,48.6,9930.0,4.49,76.3,1.65,4090.0,Europe,EU,AL,8.0,Albania,Albania,B+
2,Algeria,27.3,38.4,4.17,31.4,12900.0,16.1,76.5,2.89,4460.0,Africa,AF,DZ,12.0,Algeria,,
3,Angola,,,,,5900.0,22.4,60.1,6.16,3530.0,Africa,AF,AO,24.0,Angola,Angola,CCC+
4,Antigua and Barbuda,10.3,45.5,6.03,58.9,19100.0,1.44,76.8,2.13,12200.0,North America,,AG,28.0,Antigua and Barbuda,,
5,Argentina,14.5,18.9,8.1,16.0,18700.0,20.9,75.8,2.37,10300.0,South America,SA,AR,32.0,Argentina,Argentina,CCC+
6,Armenia,18.1,20.8,4.4,45.3,6700.0,7.77,73.3,1.69,3220.0,Europe,EU,AM,51.0,Armenia,Armenia,B+
7,Australia,4.8,19.8,8.73,20.9,41400.0,1.16,82.0,1.93,51900.0,Oceania,OC,AU,36.0,Australia,Australia,AAA
8,Austria,4.3,51.3,11.0,47.8,43200.0,0.873,80.5,1.44,46900.0,Europe,EU,AT,40.0,Austria,Austria,AA+
9,Azerbaijan,39.2,54.3,5.88,20.7,16000.0,13.8,69.1,1.92,5840.0,Europe,EU,AZ,31.0,Azerbaijan,Azerbaijan,BB+
10,Bahamas,13.8,35.0,7.89,43.7,22900.0,-0.393,73.8,1.86,28000.0,North America,,BS,44.0,Bahamas,Bahamas,B+
11,Bahrain,8.6,69.5,4.97,50.9,41100.0,7.44,76.0,2.16,20700.0,Asia,AS,BH,48.0,Bahrain,Bahrain,B+
12,Bangladesh,49.4,16.0,3.52,21.8,2440.0,7.14,70.4,2.33,758.0,Asia,AS,BD,50.0,Bangladesh,Bangladesh,BB-
13,Barbados,14.2,39.5,7.97,48.7,15300.0,0.321,76.7,1.78,16000.0,North America,,BB,52.0,Barbados,Barbados,B-
14,Belarus,5.5,51.4,5.61,64.5,16200.0,15.1,70.4,1.49,6030.0,Europe,EU,BY,112.0,Belarus,Belarus,CC
15,Belgium,4.5,76.4,10.7,74.7,41100.0,1.88,80.0,1.86,44400.0,Europe,EU,BE,56.0,Belgium,Belgium,AA
16,Belize,18.8,58.2,5.2,57.5,7880.0,1.14,71.4,2.71,4340.0,North America,,BZ,84.0,Belize,Belize,B-
17,Benin,111.0,23.8,4.1,37.2,1820.0,0.885,61.8,5.36,758.0,Africa,AF,BJ,204.0,Benin,Benin,B+
18,Bhutan,42.7,42.5,5.2,70.7,6420.0,5.99,72.1,2.38,2180.0,Asia,AS,BT,64.0,Bhutan,,
19,Bosnia and Herzegovina,6.9,29.7,11.1,51.3,9720.0,1.4,76.8,,4610.0,Europe,EU,BA,70.0,Bosnia and Herzegovina,Bosnia and Herzegovina,B
20,Botswana,52.5,43.6,8.3,51.3,13300.0,8.92,57.1,2.88,6350.0,Africa,AF,BW,72.0,Botswana,Botswana,BBB+
21,Brazil,19.8,10.7,9.01,11.8,14500.0,8.41,74.2,1.8,11200.0,South America,SA,BR,76.0,Brazil,Brazil,BB-
22,Brunei,10.5,67.4,2.84,28.0,80600.0,16.7,77.1,1.84,35300.0,,,,,,,
23,Bulgaria,10.8,50.2,6.87,53.0,15300.0,1.11,73.9,1.57,6840.0,Europe,EU,BG,100.0,Bulgaria,Bulgaria,BBB
24,Burkina Faso,116.0,19.2,6.74,29.6,1430.0,6.81,57.9,5.87,575.0,Africa,AF,BF,854.0,Burkina Faso,Burkina Faso,CCC+
25,Burundi,93.6,8.92,11.6,39.2,764.0,12.3,57.7,6.26,231.0,Africa,AF,BI,108.0,Burundi,,
26,Cambodia,44.4,54.1,5.68,59.5,2520.0,3.12,66.1,2.88,786.0,Asia,AS,KH,116.0,Cambodia,Cambodia,B
27,Cameroon,108.0,22.2,5.13,27.0,2660.0,1.91,57.3,5.11,1310.0,Africa,AF,CM,120.0,Cameroon,Cameroon,B-
28,Canada,5.6,29.1,11.3,31.0,40700.0,2.87,81.3,1.63,47400.0,North America,,CA,124.0,Canada,Canada,AAA
29,Cape Verde,26.5,32.7,4.09,61.8,5830.0,0.505,72.5,2.67,3310.0,Africa,AF,CV,132.0,Cape Verde,Cape Verde,B-
30,Central African Republic,149.0,11.8,3.98,26.5,888.0,2.01,47.5,5.21,446.0,Africa,AF,CF,140.0,Central African Republic,,
31,Chad,150.0,36.8,4.53,43.5,1930.0,6.39,56.5,6.59,897.0,Africa,AF,TD,148.0,Chad,,
32,Chile,8.7,37.7,7.96,31.3,19400.0,8.96,79.1,1.88,12900.0,South America,SA,CL,152.0,Chile,Chile,A+
33,China,15.7,26.3,5.07,22.6,9530.0,6.94,74.6,1.59,4560.0,Asia,AS,CN,156.0,China,China,A+
34,Colombia,18.6,15.9,7.59,17.8,10900.0,3.86,76.4,2.01,6250.0,South America,SA,CO,170.0,Colombia,Colombia,BBB-
35,Comoros,88.2,16.5,4.51,51.7,1410.0,3.87,65.9,4.75,769.0,Africa,AF,KM,174.0,Comoros,,
36,"Congo, Dem. Rep.",116.0,41.1,7.91,49.6,609.0,20.8,57.5,6.54,334.0,,,,,,,
37,"Congo, Rep.",63.9,85.1,2.46,54.7,5190.0,20.7,60.4,4.95,2740.0,,,,,,,
38,Costa Rica,10.2,33.2,10.9,35.0,13000.0,6.57,80.4,1.92,8200.0,North America,,CR,188.0,Costa Rica,Costa Rica,B+
39,Cote d'Ivoire,111.0,50.6,5.3,43.3,2690.0,5.39,56.3,5.27,1220.0,Africa,AF,CI,384.0,Cote d'Ivoire,,
40,Croatia,5.5,37.6,7.76,38.1,20100.0,0.821,76.3,1.55,13500.0,Europe,EU,HR,191.0,Croatia,Croatia,NR
41,Cyprus,3.6,50.2,5.97,57.5,33900.0,2.01,79.9,1.42,30800.0,Europe,EU,CY,196.0,Cyprus,Cyprus,BBB-
42,Czech Republic,3.4,66.0,7.88,62.9,28300.0,-1.43,77.5,1.51,19800.0,Europe,EU,CZ,203.0,Czech Republic,,
43,Denmark,4.1,50.5,11.4,43.6,44000.0,3.22,79.5,1.87,58000.0,Europe,EU,DK,208.0,Denmark,Denmark,AAA
44,Dominican Republic,34.4,22.7,6.22,33.3,11100.0,5.44,74.6,2.6,5450.0,North America,,DO,214.0,Dominican Republic,Dominican Republic,BB-
45,Ecuador,25.1,27.9,8.06,32.4,9350.0,7.47,76.7,2.66,4660.0,South America,SA,EC,218.0,Ecuador,Ecuador,CCC-
46,Egypt,29.1,21.3,4.66,26.6,9860.0,10.1,70.5,3.19,2600.0,Africa,AF,EG,818.0,Egypt,Egypt,B
47,El Salvador,19.2,26.9,6.91,46.6,7300.0,2.65,74.1,2.27,2990.0,North America,,SV,222.0,El Salvador,El Salvador,NR
48,Equatorial Guinea,111.0,85.8,4.48,58.9,33700.0,24.9,60.9,5.21,17100.0,Africa,AF,GQ,226.0,Equatorial Guinea,,
49,Eritrea,55.2,4.79,2.66,23.3,1420.0,11.6,61.7,4.61,482.0,Africa,AF,ER,232.0,Eritrea,,
50,Estonia,4.5,75.1,6.03,68.7,22700.0,1.74,76.0,1.72,14600.0,Europe,EU,EE,233.0,Estonia,Estonia,AA-
51,Fiji,24.1,57.8,4.86,63.9,7350.0,4.23,65.3,2.67,3650.0,Oceania,OC,FJ,242.0,Fiji,Fiji,BB-
52,Finland,3.0,38.7,8.95,37.4,39800.0,0.35100000000000003,80.0,1.87,46200.0,Europe,EU,FI,246.0,Finland,Finland,AA+
53,France,4.2,26.8,11.9,28.1,36900.0,1.05,81.4,2.03,40600.0,Europe,EU,FR,250.0,France,France,AA
54,Gabon,63.7,57.7,3.5,18.9,15400.0,16.6,62.9,4.08,8750.0,Africa,AF,GA,266.0,Gabon,Gabon,B
55,Georgia,16.5,35.0,10.1,52.8,6730.0,8.55,72.8,1.92,2960.0,Europe,EU,GE,268.0,Georgia,Georgia,BB
56,Germany,4.2,42.3,11.6,37.1,40400.0,0.758,80.1,1.39,41800.0,Europe,EU,DE,276.0,Germany,Germany,AAA
57,Ghana,74.7,29.5,5.22,45.9,3060.0,16.6,62.2,4.27,1310.0,Africa,AF,GH,288.0,Ghana,Ghana,CCC
58,Greece,3.9,22.1,10.3,30.7,28700.0,0.6729999999999999,80.4,1.48,26900.0,Europe,EU,GR,300.0,Greece,Greece,BB-
59,Grenada,14.6,23.8,5.86,49.2,11200.0,0.48,71.3,2.24,7370.0,North America,,GD,308.0,Grenada,Grenada,BB-
60,Guatemala,35.4,25.8,6.85,36.3,6710.0,5.14,71.3,3.38,2830.0,North America,,GT,320.0,Guatemala,Guatemala,BB-
61,Guinea,109.0,30.3,4.93,43.2,1190.0,16.1,58.0,5.34,648.0,Africa,AF,GN,324.0,Guinea,,
62,Guinea-Bissau,114.0,14.9,8.5,35.2,1390.0,2.97,55.6,5.05,547.0,Africa,AF,GW,624.0,Guinea-Bissau,,
63,Guyana,37.6,51.4,5.38,79.1,5840.0,5.73,65.5,2.65,3040.0,South America,SA,GY,328.0,Guyana,,
64,Haiti,208.0,15.3,6.91,64.7,1500.0,5.45,32.1,3.33,662.0,North America,,HT,332.0,Haiti,,
65,Hungary,6.0,81.8,7.33,76.5,22300.0,2.33,74.5,1.25,13100.0,Europe,EU,HU,348.0,Hungary,Hungary,BBB
66,Iceland,2.6,53.4,9.4,43.3,38800.0,5.47,82.0,2.2,41900.0,Europe,EU,IS,352.0,Iceland,Iceland,A
67,India,58.8,22.6,4.05,27.1,4410.0,8.98,66.2,2.6,1350.0,Asia,AS,IN,356.0,India,India,BBB-
68,Indonesia,33.3,24.3,2.61,22.4,8430.0,15.3,69.9,2.48,3110.0,Asia,AS,ID,360.0,Indonesia,Indonesia,BBB
69,Iran,19.3,24.4,5.6,19.4,17400.0,15.9,74.5,1.76,6530.0,Asia,AS,IR,364.0,Iran,Iran,
70,Iraq,36.9,39.4,8.41,34.1,12700.0,16.6,67.2,4.56,4500.0,Asia,AS,IQ,368.0,Iraq,Iraq,B-
71,Ireland,4.2,103.0,9.19,86.5,45700.0,-3.22,80.4,2.05,48700.0,Europe,EU,IE,372.0,Ireland,Ireland,AA-
72,Israel,4.6,35.0,7.63,32.9,29600.0,1.77,81.4,3.03,30600.0,Asia,AS,IL,376.0,Israel,Israel,AA-
73,Italy,4.0,25.2,9.53,27.2,36200.0,0.319,81.7,1.46,35800.0,Europe,EU,IT,380.0,Italy,Italy,BBB
74,Jamaica,18.1,31.3,4.81,49.6,8000.0,9.81,74.7,2.17,4680.0,North America,,JM,388.0,Jamaica,Jamaica,B+
75,Japan,3.2,15.0,9.49,13.6,35800.0,-1.9,82.8,1.39,44500.0,Asia,AS,JP,392.0,Japan,Japan,A+
76,Jordan,21.1,48.3,8.04,69.0,9470.0,8.43,75.8,3.66,3680.0,Asia,AS,JO,400.0,Jordan,Jordan,BB-
77,Kazakhstan,21.5,44.2,4.29,29.9,20100.0,19.5,68.4,2.6,9070.0,Europe,EU,KZ,398.0,Kazakhstan,Kazakhstan,BBB-
78,Kenya,62.2,20.7,4.75,33.6,2480.0,2.09,62.8,4.37,967.0,Africa,AF,KE,404.0,Kenya,Kenya,B
79,Kiribati,62.7,13.3,11.3,79.9,1730.0,1.52,60.7,3.84,1490.0,Oceania,OC,KI,296.0,Kiribati,,
80,Kuwait,10.8,66.7,2.63,30.4,75200.0,11.2,78.2,2.21,38500.0,Asia,AS,KW,414.0,Kuwait,Kuwait,AA-
81,Kyrgyz Republic,29.6,51.6,6.18,81.7,2790.0,10.0,68.5,3.1,880.0,Asia,AS,KG,417.0,Kyrgyz Republic,,
82,Lao,78.9,35.4,4.47,49.3,3980.0,9.2,63.8,3.15,1140.0,,,,,,,
83,Latvia,7.8,53.7,6.68,55.1,18300.0,-0.812,73.1,1.36,11300.0,Europe,EU,LV,428.0,Latvia,Latvia,A-
84,Lebanon,10.3,35.8,7.03,60.2,16300.0,0.238,79.8,1.61,8860.0,Asia,AS,LB,422.0,Lebanon,Lebanon,SD
85,Lesotho,99.7,39.4,11.1,101.0,2380.0,4.15,46.5,3.3,1170.0,Africa,AF,LS,426.0,Lesotho,Lesotho,
86,Liberia,89.3,19.1,11.8,92.6,700.0,5.47,60.8,5.02,327.0,Africa,AF,LR,430.0,Liberia,,
87,Libya,16.6,65.6,3.88,42.1,29600.0,14.2,76.1,2.41,12100.0,,,,,,Libya,BB
88,Lithuania,6.1,65.3,7.04,67.2,21100.0,2.38,73.2,1.5,12000.0,Europe,EU,LT,440.0,Lithuania,Lithuania,NR
89,Luxembourg,2.8,175.0,7.77,142.0,91700.0,3.62,81.3,1.63,105000.0,Europe,EU,LU,442.0,Luxembourg,Luxembourg,AAA
90,"Macedonia, FYR",10.4,39.8,7.09,58.1,11400.0,2.04,74.0,1.47,4540.0,,,,,,,
91,Madagascar,62.2,25.0,3.77,43.0,1390.0,8.79,60.8,4.6,413.0,Africa,AF,MG,450.0,Madagascar,Madagascar,B-
92,Malawi,90.5,22.8,6.59,34.9,1030.0,12.1,53.1,5.31,459.0,Africa,AF,MW,454.0,Malawi,Malawi,
93,Malaysia,7.9,86.9,4.39,71.0,21100.0,7.27,74.5,2.15,9070.0,Asia,AS,MY,458.0,Malaysia,Malaysia,A-
94,Maldives,13.2,77.6,6.33,65.4,10500.0,2.88,77.9,2.23,7100.0,Asia,AS,MV,462.0,Maldives,Maldives,
95,Mali,137.0,22.8,4.98,35.1,1870.0,4.37,59.5,6.55,708.0,Africa,AF,ML,466.0,Mali,Mali,B
96,Malta,6.8,153.0,8.65,154.0,28300.0,3.83,80.3,1.36,21100.0,Europe,EU,MT,470.0,Malta,Malta,A-
97,Mauritania,97.4,50.7,4.41,61.2,3320.0,18.9,68.2,4.98,1200.0,Africa,AF,MR,478.0,Mauritania,,
98,Mauritius,15.0,51.2,6.0,62.2,15900.0,1.13,73.4,1.57,8000.0,Africa,AF,MU,480.0,Mauritius,Mauritius,
99,"Micronesia, Fed. Sts.",40.0,23.5,14.2,81.0,3340.0,3.8,65.4,3.46,2860.0,,,,,,,
100,Moldova,17.2,39.2,11.7,78.5,3910.0,11.1,69.7,1.27,1630.0,Europe,EU,MD,498.0,Moldova,Moldova,
101,Mongolia,26.1,46.7,5.44,56.7,7710.0,39.2,66.2,2.64,2650.0,Asia,AS,MN,496.0,Mongolia,Mongolia,B-
102,Montenegro,6.8,37.0,9.11,62.7,14000.0,1.6,76.4,1.77,6680.0,Europe,EU,ME,499.0,Montenegro,Montenegro,B
103,Morocco,33.5,32.2,5.2,43.0,6440.0,0.976,73.5,2.58,2830.0,Africa,AF,MA,504.0,Morocco,Morocco,BB+
104,Mozambique,101.0,31.5,5.21,46.2,918.0,7.64,54.5,5.56,419.0,Africa,AF,MZ,508.0,Mozambique,Mozambique,CCC+
105,Myanmar,64.4,0.109,1.97,0.0659,3720.0,7.04,66.8,2.41,988.0,Asia,AS,MM,104.0,Myanmar,,
106,Namibia,56.0,47.8,6.78,60.7,8460.0,3.56,58.6,3.6,5190.0,Africa,AF,,516.0,Namibia,Namibia,
107,Nepal,47.0,9.58,5.25,36.4,1990.0,15.1,68.3,2.61,592.0,Asia,AS,NP,524.0,Nepal,,
108,Netherlands,4.5,72.0,11.9,63.6,45500.0,0.848,80.7,1.79,50300.0,Europe,EU,NL,528.0,Netherlands,Netherlands,AAA
109,New Zealand,6.2,30.3,10.1,28.0,32300.0,3.73,80.9,2.17,33700.0,Oceania,OC,NZ,554.0,New Zealand,New Zealand,AA+
110,Niger,123.0,22.2,5.16,49.1,814.0,2.55,58.8,7.49,348.0,Africa,AF,NE,562.0,Niger,Niger,
111,Nigeria,130.0,25.3,5.07,17.4,5150.0,104.0,60.5,5.84,2330.0,Africa,AF,NG,566.0,Nigeria,Nigeria,B-
112,Norway,3.2,39.7,9.48,28.5,62300.0,5.95,81.0,1.95,87800.0,Europe,EU,NO,578.0,Norway,Norway,AAA
113,Oman,11.7,65.7,2.77,41.2,45300.0,15.6,76.1,2.9,19300.0,Asia,AS,OM,512.0,Oman,Oman,B+
114,Pakistan,92.1,13.5,2.2,19.4,4280.0,10.9,65.3,3.85,1040.0,Asia,AS,PK,586.0,Pakistan,Pakistan,NR
115,Panama,19.7,70.0,8.1,78.2,15400.0,2.59,77.8,2.62,8080.0,North America,,PA,591.0,Panama,Panama,BBB
116,Paraguay,24.1,55.1,5.87,51.5,7290.0,6.1,74.1,2.73,3230.0,South America,SA,PY,600.0,Paraguay,Paraguay,BB
117,Peru,20.3,27.8,5.08,23.8,9960.0,5.71,77.9,2.54,5020.0,South America,SA,PE,604.0,Peru,Peru,BBB
118,Philippines,31.9,34.8,3.61,36.6,5600.0,4.22,69.0,3.16,2130.0,Asia,AS,PH,608.0,Philippines,Philippines,BBB+
119,Poland,6.0,40.1,7.46,42.1,21800.0,1.66,76.3,1.41,12600.0,Europe,EU,PL,616.0,Poland,Poland,A-
120,Portugal,3.9,29.9,11.0,37.4,27200.0,0.643,79.8,1.39,22500.0,Europe,EU,PT,620.0,Portugal,Portugal,BBB
121,Qatar,9.0,62.3,1.81,23.8,125000.0,6.98,79.5,2.07,70300.0,Asia,AS,QA,634.0,Qatar,Qatar,NR
122,Romania,11.5,32.6,5.58,38.8,17800.0,3.53,73.7,1.59,8230.0,Europe,EU,RO,642.0,Romania,Romania,BBB-
123,Russia,10.0,29.2,5.08,21.1,23100.0,14.2,69.2,1.57,10700.0,,,,,,Russia,CC
124,Rwanda,63.6,12.0,10.5,30.0,1350.0,2.61,64.6,4.51,563.0,Africa,AF,RW,646.0,Rwanda,Rwanda,B+
125,Samoa,18.9,29.2,6.47,53.1,5400.0,1.72,71.5,4.34,3450.0,Oceania,OC,WS,882.0,Samoa,,
126,Saudi Arabia,15.7,49.6,4.29,33.0,45400.0,17.2,75.1,2.96,19300.0,Asia,AS,SA,682.0,Saudi Arabia,Saudi Arabia,A-
127,Senegal,66.8,24.9,5.66,40.3,2180.0,1.85,64.0,5.06,1000.0,Africa,AF,SN,686.0,Senegal,Senegal,B+
128,Serbia,7.6,32.9,10.4,47.9,12700.0,5.88,74.7,1.4,5410.0,Europe,EU,RS,688.0,Serbia,Serbia,BB+
129,Seychelles,14.4,93.8,3.4,108.0,20400.0,-4.21,73.4,2.17,10800.0,Africa,AF,SC,690.0,Seychelles,Seychelles,NR
130,Sierra Leone,160.0,16.8,13.1,34.5,1220.0,17.2,55.0,5.2,399.0,Africa,AF,SL,694.0,Sierra Leone,,
131,Singapore,2.8,200.0,3.96,174.0,72100.0,-0.046,82.7,1.15,46600.0,Asia,AS,SG,702.0,Singapore,Singapore,Aaa
132,Slovak Republic,7.0,76.3,8.79,77.8,25200.0,0.485,75.5,1.43,16600.0,,,,,,,
133,Slovenia,3.2,64.3,9.41,62.9,28700.0,-0.987,79.5,1.57,23400.0,Europe,EU,SI,705.0,Slovenia,Slovenia,NR
134,Solomon Islands,28.1,49.3,8.55,81.2,1780.0,6.81,61.7,4.24,1290.0,Oceania,OC,SB,90.0,Solomon Islands,Solomon Islands,
135,South Africa,53.7,28.6,8.94,27.4,12000.0,6.35,54.3,2.59,7280.0,Africa,AF,ZA,710.0,South Africa,South Africa,BB-
136,South Korea,4.1,49.4,6.93,46.2,30400.0,3.16,80.1,1.23,22100.0,,,,,,South Korea,Aa2
137,Spain,3.8,25.5,9.54,26.8,32500.0,0.16,81.9,1.37,30700.0,Europe,EU,ES,724.0,Spain,Spain,A
138,Sri Lanka,11.2,19.6,2.94,26.8,8560.0,22.8,74.4,2.2,2810.0,Asia,AS,LK,144.0,Sri Lanka,Sri Lanka,CCC
139,St. Vincent and the Grenadines,20.7,26.9,4.47,57.1,9920.0,4.44,71.6,2.07,6230.0,,,,,,,
140,Sudan,76.7,19.7,6.32,17.2,3370.0,19.6,66.3,4.88,1480.0,Africa,AF,SD,736.0,Sudan,,
141,Suriname,24.1,52.5,7.01,38.4,14200.0,7.2,70.3,2.52,8300.0,South America,SA,SR,740.0,Suriname,Suriname,CCC-
142,Sweden,3.0,46.2,9.63,40.7,42900.0,0.991,81.5,1.98,52100.0,Europe,EU,SE,752.0,Sweden,Sweden,AAA
143,Switzerland,4.5,64.0,11.5,53.3,55500.0,0.317,82.2,1.52,74600.0,Europe,EU,CH,756.0,Switzerland,Switzerland,AAA
144,Tajikistan,52.4,14.9,5.98,58.6,2110.0,12.5,69.6,3.51,738.0,Asia,AS,TJ,762.0,Tajikistan,Tajikistan,B-
145,Tanzania,71.9,18.7,6.01,29.1,2090.0,9.25,59.3,5.43,702.0,Africa,AF,TZ,834.0,Tanzania,Tanzania,
146,Thailand,14.9,66.5,3.88,60.8,13500.0,4.08,76.6,1.55,5080.0,Asia,AS,TH,764.0,Thailand,Thailand,BBB+
147,Timor-Leste,62.6,2.2,9.12,27.8,1850.0,26.5,71.1,6.23,3600.0,Asia,AS,TL,626.0,Timor-Leste,,
148,Togo,90.3,40.2,7.65,57.3,1210.0,1.18,58.7,4.87,488.0,Africa,AF,TG,768.0,Togo,Togo,B
149,Tonga,17.4,12.4,5.07,60.3,4980.0,3.68,69.9,3.91,3550.0,Oceania,OC,TO,776.0,Tonga,,
150,Tunisia,17.4,50.5,6.21,55.3,10400.0,3.82,76.9,2.14,4140.0,Africa,AF,TN,788.0,Tunisia,Tunisia,NR
151,Turkey,19.1,20.4,6.74,25.5,18000.0,7.01,78.2,2.15,10700.0,Europe,EU,TR,792.0,Turkey,Turkey,B+
152,Turkmenistan,62.0,76.3,2.5,44.5,9940.0,2.31,67.9,2.83,4440.0,Asia,AS,TM,795.0,Turkmenistan,Turkmenistan,
153,Uganda,81.0,17.1,9.01,28.6,1540.0,10.6,56.8,6.15,595.0,Africa,AF,UG,800.0,Uganda,Uganda,B
154,Ukraine,11.7,47.1,7.72,51.1,7820.0,13.4,70.4,1.44,2970.0,Europe,EU,UA,804.0,Ukraine,Ukraine,B-
155,United Arab Emirates,8.6,77.7,3.66,63.6,57600.0,12.5,76.5,1.87,35000.0,Asia,AS,AE,784.0,United Arab Emirates,United Arab Emirates,AA
156,United Kingdom,5.2,28.2,9.64,30.8,36200.0,1.57,80.3,1.92,38900.0,,,,,,United Kingdom,AA
157,United States,7.3,12.4,17.9,15.8,49400.0,1.22,78.7,1.93,48400.0,,,,,,,
158,Uruguay,10.6,26.3,8.35,25.4,17100.0,4.91,76.4,2.08,11900.0,South America,SA,UY,858.0,Uruguay,Uruguay,BBB
159,Uzbekistan,36.3,31.7,5.81,28.5,4240.0,16.5,68.8,2.34,1380.0,Asia,AS,UZ,860.0,Uzbekistan,Uzbekistan,BB-
160,Vanuatu,29.2,46.6,5.25,52.7,2950.0,2.62,63.0,3.5,2970.0,Oceania,OC,VU,548.0,Vanuatu,,
161,Venezuela,17.1,28.5,4.91,17.6,16500.0,45.9,75.4,2.47,13500.0,South America,SA,VE,862.0,Venezuela,Venezuela,CCC-
162,Yemen,56.3,30.0,5.18,34.4,4480.0,23.6,67.5,4.67,1310.0,Asia,AS,YE,887.0,Yemen,,
163,Zambia,83.1,37.0,5.89,30.9,3280.0,14.0,52.0,5.4,1460.0,Africa,AF,ZM,894.0,Zambia,Zambia,CCC+
164,Vatican city,0.0,0.0,20.0,20.0,1610.0,1.0,80.0,5.82,5555.0,,,,,,,
165,San Marino,16.6,28.0,6.55,48.6,9930.0,4.49,76.3,1.65,4333.0,Europe,EU,SM,674.0,San Marino,San Marino,
166,Lichtenstein,27.3,38.4,4.17,31.4,12900.0,16.1,76.5,2.89,4460.0,,,,,,,
167,Bill Gate's island,0.0,0.0,30.0,60.0,5900.0,0.0,130.0,6.16,1000000000.0,,,,,,,
